<?xml version="1.0" encoding="UTF-8"?>
<!DOCTYPE suite SYSTEM "http://testng.org/testng-1.0.dtd">
<suite configfailurepolicy="continue" parallel="tests" name="Failed suite [TC_001]" guice-stage="DEVELOPMENT" verbose="10">
  <parameter name="browser" value="chrome"/>
  <listeners>
    <listener class-name="com.demo.config.TestNGListener"/>
  </listeners>
  <test thread-count="5" parallel="tests" name="TC_01_Epam(failed)" verbose="10">
    <classes>
      <class name="com.demo.tests.TestCase_03">
        <methods>
          <include name="report"/>
          <include name="browserConfig"/>
          <include name="cleanReportData"/>
          <include name="flushReportData"/>
          <include name="tearDown"/>
          <include name="search" invocation-numbers="0"/>
          <include name="setEnvironmentConfiguration"/>
          <include name="clearXmlFiles"/>
          <include name="generateReport"/>
        </methods>
      </class> <!-- com.demo.tests.TestCase_03>
      <class name="com.demo.tests.TestCase_04">
        <methods>
          <include name="browserConfig"/>
          <include name="cleanReportData"/>
          <include name="flushReportData"/>
          <include name="tearDown"/>
          <include name="addAccountInfo" invocation-numbers="0"/>
          <include name="newUser" invocation-numbers="0"/>
          <include name="setEnvironmentConfiguration"/>
          <include name="clearXmlFiles"/>
          <include name="generateReport"/>
        </methods>
      </class> <!-- com.demo.tests.TestCase_04 -->
      <class name="com.demo.tests.TestCase_02">
        <methods>
          <include name="report"/>
          <include name="browserConfig"/>
          <include name="cleanReportData"/>
          <include name="flushReportData"/>
          <include name="loadHomePage" invocation-numbers="0"/>
          <include name="tearDown"/>
          <include name="setEnvironmentConfiguration"/>
          <include name="clearXmlFiles"/>
          <include name="generateReport"/>
        </methods>
      </class> <!-- com.demo.tests.TestCase_02 -->
    </classes>
  </test> <!-- TC_01_Epam(failed) -->
</suite> <!-- Failed suite [TC_001] -->
